Workbook

Sheet Equipe
A1: Code | B1: Nom complet de l'équipe
A2: ATL | B2: Atlanta Hawks
A3: BKN | B3: Brooklyn Nets
A4: BOS | B4: Boston Celtics
A5: CHA | B5: Charlotte Hornets
A6: CHI | B6: Chicago Bulls
A7: CLE | B7: Cleveland Cavaliers
A8: DAL | B8: Dallas Mavericks
A9: DEN | B9: Denver Nuggets
A10: DET | B10: Detroit Pistons
A11: GSW | B11: Golden State Warriors
A12: HOU | B12: Houston Rockets
... A31: WAS | B31: Washington Wizards

Sheet Dictionnaire des données
A1: Dictionnaire des données
A2: Player | B2: Nom du joueur
A3: Team | B3: Équipe du joueur (code à 3 lettres)
A4: Age | B4: Âge du joueur
A5: GP | B5: Nombre de matchs joués (Games Played)
A6: W | B6: Nombre de victoires de l'équipe lors des matchs joués
A7: L | B7: Nombre de défaites
A8: Min | B8: Minutes moyennes jouées par match
A9: PTS | B9: Points marqués en moyenne par match
A10: FGM | B10: Tirs réussis par match (Field Goals Made)
A11: FGA | B11: Tirs tentés par match (Field Goals Attempted)
A12: FG% | B12: Pourcentage de réussite aux tirs
A13: 0.625 | B13: Minutes jouées après 15:00 de jeu
A14: 3PA | B14: Tirs à 3 points tentés par match
A15: 3P% | B15: Pourcentage de réussite à 3 points
A16: FTM | B16: Lancers francs réussis (Free Throws Made)
A17: FTA | B17: Lancers francs tentés
A18: FT% | B18: Pourcentage de réussite aux lancers francs
A19: OREB | B19: Rebonds offensifs
A20: DREB | B20: Rebonds défensifs
A21: REB | B21: Rebonds totaux
A22: AST | B22: Passes décisives (Assists)
A23: TOV | B23: Balles perdues (Turnovers)
A24: STL | B24: Interceptions (Steals)
A25: BLK | B25: Contres (Blocks)
... A29: TD3 | B29: Triple-doubles (≥10 dans trois catégories principales)
A30: ="+ / -" -> + / - | B30: Plus-Minus (écart de score lorsque le joueur est sur le terrain)
A31: OFFRTG | B31: Offensive Rating (points marqués par 100 possessions)
A32: DEFRTG | B32: Defensive Rating (points encaissés par 100 possessions)
A33: NETRTG | B33: Net Rating = OFFRTG - DEFRTG
A34: AST% | B34: Pourcentage d'assists – implication dans les passes décisives
A35: AST/TO | B35: Ratio passes / pertes de balle
A36: AST RATIO | B36: Ratio d’assists pour 100 possessions
A37: OREB% | B37: Pourcentage de rebonds offensifs parmi ceux disponibles
A38: DREB% | B38: Idem en défensif
A39: REB% | B39: Pourcentage de rebonds totaux parmi ceux disponibles
A40: TO RATIO | B40: Turnover Ratio – pertes de balle par 100 possessions
A41: EFG% | B41: Effective Field Goal % (pondère les 3 points)
A42: TS% | B42: True Shooting % (inclut FG et FT dans l'efficacité)
... A46: POSS | B46: Nombre total de possessions jouées

Sheet Données NBA
J1: Team | K1: DET
A2: Nombre de joueurs | B2: =COUNTA(A9:A577) -> 569 | J2: Nombre de joueurs par equipe(Nb.si) | O2: =COUNTIF(B9:B577,K1) -> 19
A3: Nombre d'équipes | B3: =COUNTA(_xlfn.UNIQUE(B9:B577)) -> 30 | J3: Somme PTS d’une équipe (somme.si) | O3: =SUMIF(B9:B577,K1,I9:I577) -> 10292
A4: Averagea de réussite aux tirs FG% | B4: =AVERAGEA(L9:L577) -> 44.610896 | J4: Moyenne des points par équipe | O4: =(O3/O2) -> 541.68421
A8: Player | B8: Team | C8: Nom complet de l'équipe | D8: Age | E8: GP | F8: W | G8: L | H8: Min | I8: PTS | J8: FGM | K8: FGA | L8: FG% | M8: 0.625 | N8: 3PA | O8: 3P% | P8: FTM | Q8: FTA | R8: FT% | S8: OREB | T8: DREB | U8: REB | V8: AST | W8: TOV | X8: STL | Y8: BLK | Z8: PF | AA8: FP | AB8: DD2 | AC8: TD3 | AD8: ="+/-" -> +/- | AE8: OFFRTG | AF8: DEFRTG | AG8: NETRTG | AH8: AST% | AI8: AST/TO | AJ8: AST RATIO | AK8: OREB% | AL8: DREB% | AM8: REB% | AN8: TO RATIO | AO8: EFG% | AP8: TS% | AQ8: USG% | AR8: PACE | AS8: PIE | AT8: POSS
A9: Shai Gilgeous-Alexander | B9: OKC | C9: =VLOOKUP(B9,Equipe!$A$1:$B$31,2,FALSE) -> Oklahoma City Thunder | D9: 26 | E9: 76 | F9: 63 | G9: 13 | H9: 34.2 | I9: 2485 | J9: 859 | K9: 1657 | L9: 51.9 | M9: 160 | N9: 433 | O9: 37.5 | P9: 600 | Q9: 669 | R9: 89.8 | S9: 68 | T9: 312 | U9: 380 | V9: 486 | W9: 182 | X9: 129 | Y9: 76 | Z9: 167 | AA9: 4112 | AB9: 6 | AC9: 0 | AD9: 12.1 | AE9: 122.4 | AF9: 105.7 | AG9: 16.7 | AH9: 29.9 | AI9: 2.66 | AJ9: 18.7 | AK9: 2.5 | AL9: 11.2 | AM9: 6.9 | AN9: 7 | AO9: 56.9 | AP9: 63.7 | AQ9: 33.6 | AR9: 101.91 | AS9: 19.9 | AT9: 5514
A10: Anthony Edwards | B10: MIN | C10: =VLOOKUP(B10,Equipe!$A$1:$B$31,2,FALSE) -> Minnesota Timberwolves | D10: 23 | E10: 79 | F10: 48 | G10: 31 | H10: 36.3 | I10: 2180 | J10: 719 | K10: 1612 | L10: 44.7 | M10: 324 | N10: 814 | O10: 39.5 | P10: 419 | Q10: 498 | R10: 83.7 | S10: 63 | T10: 387 | U10: 450 | V10: 356 | W10: 253 | X10: 95 | Y10: 47 | Z10: 150 | AA10: 3429 | AB10: 7 | AC10: 0 | AD10: 3.7 | AE10: 116.2 | AF10: 111.4 | AG10: 4.8 | AH10: 20.9 | AI10: 1.44 | AJ10: 14.8 | AK10: 2.1 | AL10: 13.1 | AM10: 7.7 | AN10: 10.3 | AO10: 54.7 | AP10: 59.5 | AQ10: 30.7 | AR10: 98.27 | AS10: 14 | AT10: 5883
A11: Nikola Jokić | B11: DEN | C11: =VLOOKUP(B11,Equipe!$A$1:$B$31,2,FALSE) -> Denver Nuggets | D11: 30 | E11: 70 | F11: 46 | G11: 24 | H11: 36.7 | I11: 2072 | J11: 784 | K11: 1365 | L11: 57.6 | M11: 140 | N11: 329 | O11: 41.7 | P11: 364 | Q11: 448 | R11: 80 | S11: 203 | T11: 693 | U11: 889 | V11: 714 | W11: 231 | X11: 126 | Y11: 42 | Z11: 161 | AA11: 4501 | AB11: 59 | AC11: 34 | AD11: 8.5 | AE11: 125.6 | AF11: 115.1 | AG11: 10.5 | AH11: 39.8 | AI11: 3.11 | AJ11: 28.7 | AK11: 8.3 | AL11: 25.2 | AM11: 17.3 | AN11: 9.2 | AO11: 62.7 | AP11: 66.3 | AQ11: 28.5 | AR11: 101.99 | AS11: 20.6 | AT11: 5471
A12: Giannis Antetokounmpo | B12: MIL | C12: =VLOOKUP(B12,Equipe!$A$1:$B$31,2,FALSE) -> Milwaukee Bucks | D12: 30 | E12: 67 | F12: 40 | G12: 27 | H12: 34.2 | I12: 2037 | J12: 791 | K12: 1320 | L12: 60.1 | M12: 13 | N12: 60 | O12: 22.2 | P12: 436 | Q12: 710 | R12: 61.7 | S12: 147 | T12: 650 | U12: 797 | V12: 436 | W12: 208 | X12: 60 | Y12: 80 | Z12: 154 | AA12: 3846 | AB12: 55 | AC12: 11 | AD12: 5 | AE12: 118.9 | AF12: 111.7 | AG12: 7.2 | AH12: 33.9 | AI12: 2.1 | AJ12: 19.2 | AK12: 6.7 | AL12: 26.6 | AM12: 17.2 | AN12: 9.1 | AO12: 60.7 | AP12: 62.5 | AQ12: 34.6 | AR12: 100.18 | AS12: 21 | AT12: 4772
A13: Jayson Tatum | B13: BOS | C13: =VLOOKUP(B13,Equipe!$A$1:$B$31,2,FALSE) -> Boston Celtics | D13: 27 | E13: 72 | F13: 53 | G13: 19 | H13: 36.4 | I13: 1930 | J13: 662 | K13: 1462 | L13: 45.2 | M13: 252 | N13: 727 | O13: 34.3 | P13: 360 | Q13: 439 | R13: 81.4 | S13: 50 | T13: 576 | U13: 626 | V13: 432 | W13: 209 | X13: 79 | Y13: 36 | Z13: 158 | AA13: 3456 | AB13: 31 | AC13: 2 | AD13: 7.4 | AE13: 119.6 | AF13: 109.8 | AG13: 9.8 | AH13: 26.6 | AI13: 2.6 | AJ13: 18.9 | AK13: 1.7 | AL13: 20.6 | AM13: 11.2 | AN13: 9.2 | AO13: 53.7 | AP13: 58.2 | AQ13: 30.1 | AR13: 98.14 | AS13: 15.8 | AT13: 5368
A14: Devin Booker | B14: PHX | C14: =VLOOKUP(B14,Equipe!$A$1:$B$31,2,FALSE) -> Phoenix Suns | D14: 28 | E14: 75 | F14: 35 | G14: 40 | H14: 37.3 | I14: 1920 | J14: 653 | K14: 1418 | L14: 46.1 | M14: 180 | N14: 548 | O14: 33.2 | P14: 435 | Q14: 480 | R14: 89.4 | S14: 75 | T14: 233 | U14: 308 | V14: 533 | W14: 218 | X14: 68 | Y14: 15 | Z14: 195 | AA14: 3113 | AB14: 16 | AC14: 0 | AD14: -2.4 | AE14: 115.3 | AF14: 118.5 | AG14: -3.2 | AH14: 30.1 | AI14: 2.4 | AJ14: 22.4 | AK14: 2.8 | AL14: 8 | AM14: 5.5 | AN14: 9.3 | AO14: 52.5 | AP14: 58.9 | AQ14: 28.5 | AR14: 98.72 | AS14: 12.2 | AT14: 5752
A15: Tyler Herro | B15: MIA | C15: =VLOOKUP(B15,Equipe!$A$1:$B$31,2,FALSE) -> Miami Heat | D15: 25 | E15: 77 | F15: 37 | G15: 40 | H15: 35.4 | I15: 1840 | J15: 655 | K15: 1378 | L15: 47.2 | M15: 254 | N15: 670 | O15: 37.5 | P15: 285 | Q15: 323 | R15: 87.8 | S15: 39 | T15: 362 | U15: 400 | V15: 424 | W15: 200 | X15: 69 | Y15: 15 | Z15: 85 | AA15: 3018 | AB15: 9 | AC15: 0 | AD15: 1.3 | AE15: 113.9 | AF15: 112.6 | AG15: 1.3 | AH15: 25.4 | AI15: 2.14 | AJ15: 20 | AK15: 1.3 | AL15: 13.2 | AM15: 7.3 | AN15: 9.3 | AO15: 56.3 | AP15: 60.5 | AQ15: 27.1 | AR15: 97.78 | AS15: 13.9 | AT15: 5564
A16: Trae Young | B16: ATL | C16: =VLOOKUP(B16,Equipe!$A$1:$B$31,2,FALSE) -> Atlanta Hawks | D16: 26 | E16: 76 | F16: 36 | G16: 40 | H16: 36 | I16: 1839 | J16: 562 | K16: 1376 | L16: 41.1 | M16: 220 | N16: 638 | O16: 34 | P16: 494 | Q16: 562 | R16: 87.5 | S16: 38 | T16: 198 | U16: 236 | V16: 882 | W16: 357 | X16: 91 | Y16: 15 | Z16: 144 | AA16: 3397 | AB16: 51 | AC16: 0 | AD16: 0.4 | AE16: 115.2 | AF16: 114.6 | AG16: 0.6 | AH16: 45.2 | AI16: 2.48 | AJ16: 30.9 | AK16: 1.2 | AL16: 7.2 | AM16: 4.2 | AN16: 12.5 | AO16: 49.1 | AP16: 56.7 | AQ16: 28.5 | AR16: 105.51 | AS16: 12.9 | AT16: 6020
A17: Cade Cunningham | B17: DET | C17: =VLOOKUP(B17,Equipe!$A$1:$B$31,2,FALSE) -> Detroit Pistons | D17: 23 | E17: 70 | F17: 38 | G17: 32 | H17: 35 | I17: 1827 | J17: 686 | K17: 1456 | L17: 46.9 | M17: 147 | N17: 420 | O17: 35.6 | P17: 315 | Q17: 371 | R17: 84.6 | S17: 56 | T17: 371 | U17: 427 | V17: 637 | W17: 308 | X17: 70 | Y17: 56 | Z17: 196 | AA17: 3360 | AB17: 31 | AC17: 9 | AD17: 2.5 | AE17: 115 | AF17: 112.2 | AG17: 2.8 | AH17: 40.9 | AI17: 2.06 | AJ17: 25 | AK17: 2.3 | AL17: 14.7 | AM17: 8.6 | AN17: 12.1 | AO17: 52.1 | AP17: 56.5 | AQ17: 32.3 | AR17: 101.57 | AS17: 15.2 | AT17: 5201
A18: James Harden | B18: LAC | C18: =VLOOKUP(B18,Equipe!$A$1:$B$31,2,FALSE) -> Los Angeles Clippers | D18: 35 | E18: 79 | F18: 50 | G18: 29 | H18: 35.3 | I18: 1801 | J18: 529 | K18: 1296 | L18: 41 | M18: 237 | N18: 672 | O18: 35.2 | P18: 506 | Q18: 577 | R18: 87.4 | S18: 55 | T18: 403 | U18: 458 | V18: 687 | W18: 340 | X18: 119 | Y18: 55 | Z18: 166 | AA18: 3555 | AB18: 38 | AC18: 3 | AD18: 4.4 | AE18: 115.4 | AF18: 109.2 | AG18: 6.2 | AH18: 36.5 | AI18: 2.01 | AJ18: 26.9 | AK18: 2 | AL18: 14.3 | AM18: 8.3 | AN18: 13.4 | AO18: 50.1 | AP18: 58.2 | AQ18: 28.6 | AR18: 98.82 | AS18: 14.5 | AT18: 5737
A19: Karl-Anthony Towns | B19: NYK | C19: =VLOOKUP(B19,Equipe!$A$1:$B$31,2,FALSE) -> New York Knicks | D19: 29 | E19: 72 | F19: 46 | G19: 26 | H19: 35 | I19: 1757 | J19: 641 | K19: 1217 | L19: 52.6 | M19: 144 | N19: 338 | O19: 42 | P19: 338 | Q19: 410 | R19: 82.9 | S19: 209 | T19: 706 | U19: 922 | V19: 223 | W19: 194 | X19: 72 | Y19: 50 | Z19: 252 | AA19: 3370 | AB19: 58 | AC19: 1 | AD19: 5.3 | AE19: 119.4 | AF19: 112.7 | AG19: 6.8 | AH19: 13 | AI19: 1.16 | AJ19: 12.4 | AK19: 8.7 | AL19: 28.4 | AM19: 18.7 | AN19: 10.7 | AO19: 58.4 | AP19: 63 | AQ19: 26.5 | AR19: 99.25 | AS19: 16.1 | AT19: 5215
A20: Zach LaVine | B20: SAC | C20: =VLOOKUP(B20,Equipe!$A$1:$B$31,2,FALSE) -> Sacramento Kings | D20: 30 | E20: 74 | F20: 32 | G20: 42 | H20: 35.2 | I20: 1724 | J20: 622 | K20: 1221 | L20: 51.1 | M20: 237 | N20: 533 | O20: 44.6 | P20: 237 | Q20: 289 | R20: 82.5 | S20: 22 | T20: 296 | U20: 318 | V20: 311 | W20: 207 | X20: 59 | Y20: 15 | Z20: 118 | AA20: 2568 | AB20: 6 | AC20: 0 | AD20: -0.9 | AE20: 115.4 | AF20: 116.8 | AG20: -1.4 | AH20: 17.8 | AI20: 1.49 | AJ20: 16.7 | AK20: 0.9 | AL20: 10.7 | AM20: 5.9 | AN20: 11.2 | AO20: 60.9 | AP20: 63.9 | AQ20: 25.1 | AR20: 101.28 | AS20: 11.5 | AT20: 5493
... A577: Zyon Pullin | B577: MEM | C577: =VLOOKUP(B577,Equipe!$A$1:$B$31,2,FALSE) -> Memphis Grizzlies | D577: 24 | E577: 3 | F577: 1 | G577: 2 | H577: 0.9 | I577: 0 | J577: 0 | K577: 1 | L577: 0 | M577: 0 | N577: 0 | O577: 0 | P577: 0 | Q577: 0 | R577: 0 | S577: 0 | T577: 0 | U577: 0 | V577: 0 | W577: 0 | X577: 0 | Y577: 0 | Z577: 0 | AA577: 0 | AB577: 0 | AC577: 0 | AD577: 0.3 | AE577: 83.3 | AF577: 66.7 | AG577: 16.7 | AH577: 0 | AI577: 0 | AJ577: 0 | AK577: 0 | AL577: 0 | AM577: 0 | AN577: 0 | AO577: 0 | AP577: 0 | AQ577: 16.7 | AR577: 110.7 | AS577: -8.7 | AT577: 6

Sheet TCD Analyse de la saison NBA
A1: TCD Analyse de la saison NBA 2024/2025.
A3: Étiquettes de lignes | B3: Nom complet de l'équipe | C3: Nombre de Player | D3: Somme de PTS
A4: ATL | B4: Atlanta Hawks | C4: 18 | D4: 9689
A5: BKN | B5: Brooklyn Nets | C5: 20 | D5: 7999
A6: BOS | B6: Boston Celtics | C6: 17 | D6: 9551
A7: CHA | B7: Charlotte Hornets | C7: 22 | D7: 8278
A8: CHI | B8: Chicago Bulls | C8: 20 | D8: 9230
A9: CLE | B9: Cleveland Cavaliers | C9: 18 | D9: 10180
A10: DAL | B10: Dallas Mavericks | C10: 19 | D10: 9970
A11: DEN | B11: Denver Nuggets | C11: 17 | D11: 9899
A12: DET | B12: Detroit Pistons | C12: 19 | D12: 10292
A13: GSW | B13: Golden State Warriors | C13: 17 | D13: 8288
A14: HOU | B14: Houston Rockets | C14: 18 | D14: 9515
A15: IND | B15: Indiana Pacers | C15: 20 | D15: 9630
... A33: WAS | B33: Washington Wizards | C33: 19 | D33: 7986
A34: Total général | C34: 569 | D34: 280015

Sheet Analyse de la saison NBA
A1: Analyse de la saison de NBA 2024/2025.
A4: Code | B4: Nom complet de l'équipe | C4: Nombre de joueurs par équipe | D4: Nombre de points total par équipe
A5: ATL | B5: Atlanta Hawks | C5: 18 | D5: 9689
A6: BKN | B6: Brooklyn Nets | C6: 20 | D6: 7999
A7: BOS | B7: Boston Celtics | C7: 17 | D7: 9551
A8: CHA | B8: Charlotte Hornets | C8: 22 | D8: 8278
A9: CHI | B9: Chicago Bulls | C9: 20 | D9: 9230
A10: CLE | B10: Cleveland Cavaliers | C10: 18 | D10: 10180
A11: DAL | B11: Dallas Mavericks | C11: 19 | D11: 9970
A12: DEN | B12: Denver Nuggets | C12: 17 | D12: 9899
A13: DET | B13: Detroit Pistons | C13: 19 | D13: 10292
A14: GSW | B14: Golden State Warriors | C14: 17 | D14: 8288
A15: HOU | B15: Houston Rockets | C15: 18 | D15: 9515
A16: IND | B16: Indiana Pacers | C16: 20 | D16: 9630
... A34: WAS | B34: Washington Wizards | C34: 19 | D34: 7986

Sheet TCD analyse des equipes
A2: Team | B2: DET
A4: Étiquettes de lignes | B4: Somme de OREB | C4: Somme de DREB | D4: Somme de PIE | E4: Somme de AST | F4: Somme de STL | G4: Somme de BLK
A5: Alondes Williams | B5: 0 | C5: 0 | D5: 40 | E5: 1 | F5: 0 | G5: 0
A6: Ausar Thompson | B6: 112 | C6: 195 | D6: 10.4 | E6: 136 | F6: 100 | G6: 41
A7: Bobi Klintman | B7: 1 | C7: 6 | D7: 9.5 | E7: 7 | F7: 2 | G7: 1
A8: Cade Cunningham | B8: 56 | C8: 371 | D8: 15.2 | E8: 637 | F8: 70 | G8: 56
A9: Daniss Jenkins | B9: 0 | C9: 2 | D9: 0 | E9: 3 | F9: 0 | G9: 0
A10: Dennis Schröder | B10: 30 | C10: 173 | D10: 9.1 | E10: 405 | F10: 68 | G10: 15
A11: Isaiah Stewart | B11: 130 | C11: 266 | D11: 9.6 | E11: 122 | F11: 29 | G11: 101
A12: Jaden Ivey | B12: 39 | C12: 84 | D12: 9.9 | E12: 120 | F12: 27 | G12: 12
A13: Jalen Duren | B13: 281 | C13: 530 | D13: 14 | E13: 211 | F13: 55 | G13: 86
A14: Lindy Waters III | B14: 21 | C14: 88 | D14: 6.1 | E14: 52 | F14: 26 | G14: 10
A15: Malik Beasley | B15: 49 | C15: 164 | D15: 9.1 | E15: 139 | F15: 74 | G15: 8
A16: Marcus Sasser | B16: 17 | C16: 51 | D16: 9.5 | E16: 131 | F16: 34 | G16: 6
... A24: Total général | B24: 960 | C24: 2888 | D24: 207.1 | E24: 2444 | F24: 717 | G24: 460

Sheet Analyse de équipe  DET 
A1: Analyse de l'équipe Detroit Pistons (DET)
A3: Nom du joueur | B3: Rebonds offensifs (OREB) | C3: Rebonds défensifs (DREB) | D3: Evaluation globale de l’impact (PIE) | E3: Passes décisives (AST) | F3: Interceptions (STL) | G3: Contres(BLK)
A4: Alondes Williams | B4: 0 | C4: 0 | D4: 40 | E4: 1 | F4: 0 | G4: 0
A5: Ausar Thompson | B5: 112 | C5: 195 | D5: 10.4 | E5: 136 | F5: 100 | G5: 41
A6: Bobi Klintman | B6: 1 | C6: 6 | D6: 9.5 | E6: 7 | F6: 2 | G6: 1
A7: Cade Cunningham | B7: 56 | C7: 371 | D7: 15.2 | E7: 637 | F7: 70 | G7: 56
A8: Daniss Jenkins | B8: 0 | C8: 2 | D8: 0 | E8: 3 | F8: 0 | G8: 0
A9: Dennis Schröder | B9: 30 | C9: 173 | D9: 9.1 | E9: 405 | F9: 68 | G9: 15
A10: Isaiah Stewart | B10: 130 | C10: 266 | D10: 9.6 | E10: 122 | F10: 29 | G10: 101
A11: Jaden Ivey | B11: 39 | C11: 84 | D11: 9.9 | E11: 120 | F11: 27 | G11: 12
A12: Jalen Duren | B12: 281 | C12: 530 | D12: 14 | E12: 211 | F12: 55 | G12: 86
A13: Lindy Waters III | B13: 21 | C13: 88 | D13: 6.1 | E13: 52 | F13: 26 | G13: 10
A14: Malik Beasley | B14: 49 | C14: 164 | D14: 9.1 | E14: 139 | F14: 74 | G14: 8
A15: Marcus Sasser | B15: 17 | C15: 51 | D15: 9.5 | E15: 131 | F15: 34 | G15: 6
... A22: Tolu Smith | B22: 4 | C22: 4 | D22: 14.9 | E22: 0 | F22: 0 | G22: 0

Sheet Analyse du top 15 des joueurs
A1: Analyse du top 15 des joueurs en nombre de points
A3: Player | B3: Nombre de points totale (PTS) | C3: Tirs réussis par match (FGM) | D3: Pourcentage de tirs réussis (FG%) | E3: Pourcentage de réussite aux tirs à 3 points (3P%) | F3: Pourcentage de réussite aux lancers francs(FT%) | G3: Rebonds offensifs(OREB) | H3: Estimation de l’impact du joueur(PIE)
A4: Shai Gilgeous-Alexander | B4: 2485 | C4: 859 | D4: 51.9 | E4: 37.5 | F4: 89.8 | G4: 68 | H4: 19.9
A5: Anthony Edwards | B5: 2180 | C5: 719 | D5: 44.7 | E5: 39.5 | F5: 83.7 | G5: 63 | H5: 14
A6: Nikola Jokić | B6: 2072 | C6: 784 | D6: 57.6 | E6: 41.7 | F6: 80 | G6: 203 | H6: 20.6
A7: Giannis Antetokounmpo | B7: 2037 | C7: 791 | D7: 60.1 | E7: 22.2 | F7: 61.7 | G7: 147 | H7: 21
A8: Jayson Tatum | B8: 1930 | C8: 662 | D8: 45.2 | E8: 34.3 | F8: 81.4 | G8: 50 | H8: 15.8
A9: Devin Booker | B9: 1920 | C9: 653 | D9: 46.1 | E9: 33.2 | F9: 89.4 | G9: 75 | H9: 12.2
A10: Tyler Herro | B10: 1840 | C10: 655 | D10: 47.2 | E10: 37.5 | F10: 87.8 | G10: 39 | H10: 13.9
A11: Trae Young | B11: 1839 | C11: 562 | D11: 41.1 | E11: 34 | F11: 87.5 | G11: 38 | H11: 12.9
A12: Cade Cunningham | B12: 1827 | C12: 686 | D12: 46.9 | E12: 35.6 | F12: 84.6 | G12: 56 | H12: 15.2
A13: James Harden | B13: 1801 | C13: 529 | D13: 41 | E13: 35.2 | F13: 87.4 | G13: 55 | H13: 14.5
A14: Karl-Anthony Towns | B14: 1757 | C14: 641 | D14: 52.6 | E14: 42 | F14: 82.9 | G14: 209 | H14: 16.1
A15: Zach LaVine | B15: 1724 | C15: 622 | D15: 51.1 | E15: 44.6 | F15: 82.5 | G15: 22 | H15: 11.5
... A18: DeMar DeRozan | B18: 1709 | C18: 624 | D18: 47.7 | E18: 32.8 | F18: 85.7 | G18: 46 | H18: 11.2

Sheet Analyse complémentaire 1
A1: Analyse des joueurs de la NBA
A3: Player | B3: Team | C3: Nombre de points totale (PTS) | D3: Fantasy Points (FP)
A4: Shai Gilgeous-Alexander | B4: OKC | C4: 2485 | D4: 4112
A5: Anthony Edwards | B5: MIN | C5: 2180 | D5: 3429
A6: Nikola Jokić | B6: DEN | C6: 2072 | D6: 4501
A7: Giannis Antetokounmpo | B7: MIL | C7: 2037 | D7: 3846
A8: Jayson Tatum | B8: BOS | C8: 1930 | D8: 3456
A9: Devin Booker | B9: PHX | C9: 1920 | D9: 3113
A10: Tyler Herro | B10: MIA | C10: 1840 | D10: 3018
A11: Trae Young | B11: ATL | C11: 1839 | D11: 3397
A12: Cade Cunningham | B12: DET | C12: 1827 | D12: 3360
A13: James Harden | B13: LAC | C13: 1801 | D13: 3555
A14: Karl-Anthony Towns | B14: NYK | C14: 1757 | D14: 3370
A15: Zach LaVine | B15: SAC | C15: 1724 | D15: 2568
... A572: Zyon Pullin | B572: MEM | C572: 0 | D572: 0

Sheet Analyse complémentaire 2
A1: Analyse des joueurs de la NBA
A3: Player | B3: Team | C3: Ratio passes décisives/ pertes de balle (AST/TO) | D3: Evaluation globale de l’impact (PIE)
A4: Shai Gilgeous-Alexander | B4: OKC | C4: 2.66 | D4: 19.9
A5: Anthony Edwards | B5: MIN | C5: 1.44 | D5: 14
A6: Nikola Jokić | B6: DEN | C6: 3.11 | D6: 20.6
A7: Giannis Antetokounmpo | B7: MIL | C7: 2.1 | D7: 21
A8: Jayson Tatum | B8: BOS | C8: 2.6 | D8: 15.8
A9: Devin Booker | B9: PHX | C9: 2.4 | D9: 12.2
A10: Tyler Herro | B10: MIA | C10: 2.14 | D10: 13.9
A11: Trae Young | B11: ATL | C11: 2.48 | D11: 12.9
A12: Cade Cunningham | B12: DET | C12: 2.06 | D12: 15.2
A13: James Harden | B13: LAC | C13: 2.01 | D13: 14.5
A14: Karl-Anthony Towns | B14: NYK | C14: 1.16 | D14: 16.1
A15: Zach LaVine | B15: SAC | C15: 1.49 | D15: 11.5
... A572: Zyon Pullin | B572: MEM | C572: 0 | D572: -8.7
